AK-47 | Элитное снаряжение (После полевых испытаний),"Наклейка: Evil Geniuses | РМР 2020, Легенда",1.40
AK-47 | Элитное снаряжение (После полевых испытаний),"Наклейка: hatz | Антверпен 2022, hades | Антверпен 2022",1.40
AK-47 | Элитное снаряжение (После полевых испытаний),"Наклейка: fer | Антверпен 2022, VINI | Антверпен 2022, fnx | Антверпен 2022",1.40
AK-47 | Элитное снаряжение (После полевых испытаний),Наклейка: Vitality | РМР 2020,1.40
AK-47 | Элитное снаряжение (После полевых испытаний),"Наклейка: Heroic | РМР 2020, Renegades | Антверпен 2022, Heroic | РМР 2020, s1mple | Стокгольм 2021",1.40
AK-47 | Элитное снаряжение (После полевых испытаний),Наклейка: draken | Лондон 2018,1.40
AK-47 | Элитное снаряжение (После полевых испытаний),Наклейка: draken | Лондон 2018,1.40
AK-47 | Элитное снаряжение (После полевых испытаний),"Наклейка: FURIA | РМР 2020, Кроха Огненный змей",1.41
AK-47 | Элитное снаряжение (После полевых испытаний),"Наклейка: ENCE (блёстки) | Антверпен 2022, electroNic | Стокгольм 2021",1.42
AK-47 | Элитное снаряжение (После полевых испытаний),"Наклейка: Gen.G | РМР 2020, Gen.G | РМР 2020, Gen.G | РМР 2020",1.42
AK-47 | Элитное снаряжение (После полевых испытаний),Наклейка: ropz (чемпион) | Антверпен 2022,1.58
AK-47 | Элитное снаряжение (После полевых испытаний),"Наклейка: JT | Антверпен 2022, JT | Антверпен 2022, JT | Антверпен 2022, Heroic | Антверпен 2022",1.58
AK-47 | Элитное снаряжение (После полевых испытаний),Наклейка: Battlefield Portal,1.65
AK-47 | Элитное снаряжение (После полевых испытаний),"Наклейка: Natus Vincere | Стокгольм 2021, Natus Vincere | Стокгольм 2021, Natus Vincere | Стокгольм 2021, Natus Vincere | Стокгольм 2021",1.65
AK-47 | Элитное снаряжение (После полевых испытаний),Наклейка: Золотая сеть (металлическая),1.57
AK-47 | Элитное снаряжение (После полевых испытаний),"Наклейка: Magisk | Берлин 2019, Xyp9x | Берлин 2019, dupreeh | Берлин 2019, gla1ve | Берлин 2019",1.57
AK-47 | Элитное снаряжение (После полевых испытаний),"Наклейка: Magisk | Берлин 2019, Xyp9x | Берлин 2019, dupreeh | Берлин 2019, gla1ve | Берлин 2019",1.57
AK-47 | Элитное снаряжение (После полевых испытаний),"Наклейка: BIG | Катовице 2019, BIG (голографическая) | РМР 2020, Astralis | РМР 2020, Nemiga (голографическая) | РМР 2020",1.57
AK-47 | Элитное снаряжение (После полевых испытаний),"Наклейка: G2 | РМР 2020, G2 | РМР 2020, G2 | РМР 2020, G2 | РМР 2020",1.65
AK-47 | Элитное снаряжение (После полевых испытаний),Наклейка: nicoodoz | Антверпен 2022,1.54
AK-47 | Элитное снаряжение (После полевых испытаний),"Наклейка: Vitality | РМР 2020, Vitality | РМР 2020, Vitality | РМР 2020, Vitality | РМР 2020",1.64
AK-47 | Элитное снаряжение (После полевых испытаний),"Наклейка: Liquid | РМР 2020, Liquid | РМР 2020, Fnatic (голографическая) | РМР 2020, Spirit (голографическая) | РМР 2020",1.56
AK-47 | Элитное снаряжение (После полевых испытаний),"Наклейка: Heroic | Антверпен 2022, Perfecto | Стокгольм 2021, Perfecto (голографическая) | Стокгольм 2021, G2 Esports | Антверпен 2022",1.62
AK-47 | Элитное снаряжение (После полевых испытаний),"Наклейка: Ax1Le | Антверпен 2022, Ax1Le | Антверпен 2022, Ax1Le | Антверпен 2022",1.61
AK-47 | Элитное снаряжение (После полевых испытаний),"Наклейка: Natus Vincere (голографическая) | РМР 2020, Natus Vincere (голографическая) | РМР 2020, Natus Vincere (голографическая) | РМР 2020",1.57
AK-47 | Элитное снаряжение (После полевых испытаний),"Наклейка: Медаль за заслуги, Astralis | Антверпен 2022, Медаль за заслуги, Imperial Esports | Антверпен 2022",1.57
AK-47 | Элитное снаряжение (После полевых испытаний),"Наклейка: Медаль за заслуги, Astralis | Антверпен 2022, Медаль за заслуги, Imperial Esports | Антверпен 2022",1.54
AK-47 | Элитное снаряжение (После полевых испытаний),"Наклейка: Я слишком стар, North (голографическая) | РМР 2020, Spirit | РМР 2020, Тер-тех",1.52
AK-47 | Элитное снаряжение (После полевых испытаний),"Наклейка: Outsiders | Антверпен 2022, Eternal Fire | Антверпен 2022, Outsiders | Антверпен 2022, 9z Team | Антверпен 2022",1.56
AK-47 | Элитное снаряжение (После полевых испытаний),"Наклейка: Evil Geniuses | РМР 2020, Evil Geniuses | РМР 2020, Evil Geniuses | РМР 2020, Evil Geniuses | РМР 2020",1.54
AK-47 | Элитное снаряжение (После полевых испытаний),"Наклейка: Boom | РМР 2020, FURIA | РМР 2020",1.56
AK-47 | Элитное снаряжение (После полевых испытаний),"Наклейка: Spirit | РМР 2020, Spirit | РМР 2020, Spirit | РМР 2020, Spirit | РМР 2020",1.67
AK-47 | Элитное снаряжение (После полевых испытаний),"Наклейка: Ninjas in Pyjamas | РМР 2020, RpK | Берлин 2019",1.69
AK-47 | Элитное снаряжение (После полевых испытаний),Наклейка: Ветеран нарковойн,1.62
AK-47 | Элитное снаряжение (После полевых испытаний),"Наклейка: MIBR (голографическая) | Катовице 2019, MIBR (голографическая) | Лондон 2018",1.58
AK-47 | Элитное снаряжение (После полевых испытаний),"Наклейка: Spirit | РМР 2020, Spirit | РМР 2020, Позолоченный волнолов",1.65
AK-47 | Элитное снаряжение (После полевых испытаний),"Наклейка: Spirit | РМР 2020, Spirit | РМР 2020, Позолоченный волнолов",1.54
AK-47 | Элитное снаряжение (После полевых испытаний),"Наклейка: Nemiga (голографическая) | РМР 2020, Nemiga (голографическая) | РМР 2020, Nemiga (голографическая) | РМР 2020, Nemiga (голографическая) | РМР 2020",1.57
AK-47 | Элитное снаряжение (После полевых испытаний),Наклейка: NiKo | Берлин 2019,1.69
AK-47 | Элитное снаряжение (После полевых испытаний),"Наклейка: Расколотая сеть, Высший разум, Золотая сеть, Один укус",1.57
AK-47 | Элитное снаряжение (После полевых испытаний),"Наклейка: Boom | РМР 2020, FURIA | РМР 2020",1.56
AK-47 | Элитное снаряжение (После полевых испытаний),"Наклейка: Spirit | РМР 2020, Spirit | РМР 2020, Spirit | РМР 2020, Spirit | РМР 2020",1.67
AK-47 | Элитное снаряжение (После полевых испытаний),"Наклейка: Ninjas in Pyjamas | РМР 2020, RpK | Берлин 2019",1.69
AK-47 | Элитное снаряжение (После полевых испытаний),Наклейка: Ветеран нарковойн,1.62
AK-47 | Элитное снаряжение (После полевых испытаний),"Наклейка: MIBR (голографическая) | Катовице 2019, MIBR (голографическая) | Лондон 2018",1.58
AK-47 | Элитное снаряжение (После полевых испытаний),"Наклейка: Spirit | РМР 2020, Spirit | РМР 2020, Позолоченный волнолов",1.65
AK-47 | Элитное снаряжение (После полевых испытаний),"Наклейка: Код от бомбы, fer | Бостон 2018",1.54
AK-47 | Элитное снаряжение (После полевых испытаний),"Наклейка: Nemiga (голографическая) | РМР 2020, Nemiga (голографическая) | РМР 2020, Nemiga (голографическая) | РМР 2020, Nemiga (голографическая) | РМР 2020",1.57
AK-47 | Элитное снаряжение (После полевых испытаний),Наклейка: NiKo | Берлин 2019,1.69
AK-47 | Элитное снаряжение (После полевых испытаний),"Наклейка: Расколотая сеть, Высший разум, Золотая сеть, Один укус",1.57
AK-47 | Элитное снаряжение (После полевых испытаний),"Наклейка: Renegades | Стокгольм 2021, Vitality | РМР 2020, Vitality | РМР 2020, Vitality | РМР 2020",1.55
AK-47 | Элитное снаряжение (После полевых испытаний),Наклейка: Древний защитник,1.54
AK-47 | Элитное снаряжение (После полевых испытаний),"Наклейка: Natus Vincere | РМР 2020, Natus Vincere | РМР 2020, Natus Vincere | РМР 2020, Natus Vincere | РМР 2020",1.61
AK-47 | Элитное снаряжение (После полевых испытаний),"Наклейка: nicoodoz (блёстки) | Антверпен 2022, nicoodoz (блёстки) | Антверпен 2022, nicoodoz (блёстки) | Антверпен 2022, nicoodoz (блёстки) | Антверпен 2022",1.65
AK-47 | Элитное снаряжение (После полевых испытаний),"Наклейка: Evil Geniuses | РМР 2020, Evil Geniuses | РМР 2020, Evil Geniuses | РМР 2020, FURIA | Антверпен 2022",1.65
AK-47 | Элитное снаряжение (После полевых испытаний),"Наклейка: Spirit | РМР 2020, Spirit | РМР 2020, Spirit | РМР 2020, Spirit | РМР 2020",1.56
AK-47 | Элитное снаряжение (После полевых испытаний),"Наклейка: Spirit | РМР 2020, Spirit | РМР 2020, Spirit | РМР 2020, Spirit | РМР 2020",1.61
AK-47 | Элитное снаряжение (После полевых испытаний),"Наклейка: GODSENT | РМР 2020, Fnatic | РМР 2020, Nemiga | РМР 2020, Astralis | РМР 2020",1.66
AK-47 | Элитное снаряжение (После полевых испытаний),"Наклейка: Natus Vincere | РМР 2020, FURIA | Антверпен 2022, Copenhagen Flames (блёстки) | Антверпен 2022, ENCE | Рио 2022",1.61
AK-47 | Элитное снаряжение (После полевых испытаний),"Наклейка: Беги, спецназ, беги, Virtus.Pro | Стокгольм 2021, Змеиная атака, Лазерный луч",1.65
AK-47 | Элитное снаряжение (После полевых испытаний),Наклейка: GODSENT (голографическая) | РМР 2020,1.61
AK-47 | Элитное снаряжение (После полевых испытаний),"Наклейка: Ninjas in Pyjamas (голографическая) | РМР 2020, 100 Thieves (голографическая) | РМР 2020, Evil Geniuses (голографическая) | РМР 2020, 100 Thieves (голографическая) | РМР 2020",1.61
AK-47 | Элитное снаряжение (После полевых испытаний),"Наклейка: Мастер Чиф (металлическая), s1mple | Стокгольм 2021, Токсичность (металлическая), Зелёный смертоносец",1.61
AK-47 | Элитное снаряжение (После полевых испытаний),"Наклейка: Расколотая сеть, Kvik (металлическая) | Лондон 2018, FACEIT | Лондон 2018, Natus Vincere | Лондон 2018",1.61
AK-47 | Элитное снаряжение (После полевых испытаний),"Наклейка: MLG | Колумбус 2016, Virtus.Pro | Лондон 2018, Fnatic | Бостон 2018",1.61
AK-47 | Элитное снаряжение (После полевых испытаний),"Наклейка: Черепризрак, FaZe Clan | Краков 2017, keev | Краков 2017",1.61
AK-47 | Элитное снаряжение (После полевых испытаний),"Наклейка: Черепризрак, FaZe Clan | Краков 2017, keev | Краков 2017",1.74
AK-47 | Элитное снаряжение (После полевых испытаний),Наклейка: TeSeS | Антверпен 2022,1.55
AK-47 | Элитное снаряжение (После полевых испытаний),"Наклейка: Ninjas in Pyjamas | Лондон 2018, f0rest | Катовице 2019, Ninjas in Pyjamas | РМР 2020, f0rest | Катовице 2019",1.55
AK-47 | Элитное снаряжение (После полевых испытаний),"Наклейка: Tyloo | Лондон 2018, Tyloo | Лондон 2018, Tyloo | Лондон 2018, Tyloo | Лондон 2018",1.61
AK-47 | Элитное снаряжение (После полевых испытаний),"Наклейка: Spirit | РМР 2020, GeT_RiGhT | Берлин 2019, Плохо нарисованная Ава, Heroic (голографическая) | РМР 2020",1.65
AK-47 | Элитное снаряжение (После полевых испытаний),"Наклейка: Heroic | Антверпен 2022, Heroic | Антверпен 2022, Heroic | Антверпен 2022, FaZe Clan | Антверпен 2022",1.70
AK-47 | Элитное снаряжение (После полевых испытаний),"Наклейка: somebody | Катовице 2019, AdreN | Катовице 2019",1.61
AK-47 | Элитное снаряжение (После полевых испытаний),"Наклейка: Легендарный беркут, Natus Vincere | РМР 2020, GODSENT | РМР 2020",1.65
AK-47 | Элитное снаряжение (После полевых испытаний),"Наклейка: Natus Vincere | Стокгольм 2021, Natus Vincere | Стокгольм 2021, Natus Vincere | Стокгольм 2021, Natus Vincere | Стокгольм 2021",1.61
AK-47 | Элитное снаряжение (После полевых испытаний),"Наклейка: b1t | Стокгольм 2021, b1t | Стокгольм 2021, b1t | Стокгольм 2021, b1t | Стокгольм 2021",1.57
AK-47 | Элитное снаряжение (После полевых испытаний),"Наклейка: b1t | Стокгольм 2021, b1t | Стокгольм 2021, b1t | Стокгольм 2021, b1t | Стокгольм 2021",1.61
AK-47 | Элитное снаряжение (После полевых испытаний),Наклейка: ISSAA | Катовице 2019,1.65
AK-47 | Элитное снаряжение (После полевых испытаний),"Наклейка: Evil Geniuses (голографическая) | РМР 2020, Virtus.pro (голографическая) | РМР 2020",1.54
AK-47 | Элитное снаряжение (После полевых испытаний),"Наклейка: Astralis | Антверпен 2022, Bad News Eagles (голографическая) | Антверпен 2022, Imperial Esports | Антверпен 2022, Xyp9x | Антверпен 2022",1.70
AK-47 | Элитное снаряжение (После полевых испытаний),"Наклейка: Stewie2K | Берлин 2019, apEX | Берлин 2019, NEO | Берлин 2019, olofmeister | Берлин 2019",1.69
AK-47 | Элитное снаряжение (После полевых испытаний),"Наклейка: OG | РМР 2020, OG | РМР 2020, Evil Geniuses | Стокгольм 2021, OG | РМР 2020",1.68
AK-47 | Элитное снаряжение (После полевых испытаний),Наклейка: Fnatic | MLG Columbus 2016,1.61
AK-47 | Элитное снаряжение (После полевых испытаний),"Наклейка: Natus Vincere | РМР 2020, Fnatic | РМР 2020, G2 | РМР 2020, FaZe | РМР 2020",1.61
AK-47 | Элитное снаряжение (После полевых испытаний),"Наклейка: Привет, я играю в",1.54
AK-47 | Элитное снаряжение (После полевых испытаний),"Наклейка: Ninjas in Pyjamas | Стокгольм 2021, Ninjas in Pyjamas | Стокгольм 2021, Vitality | Стокгольм 2021, Virtus.Pro | Стокгольм 2021",1.61
AK-47 | Элитное снаряжение (После полевых испытаний),"Наклейка: Ninjas in Pyjamas | Стокгольм 2021, Ninjas in Pyjamas | Стокгольм 2021, Vitality | Стокгольм 2021, Virtus.Pro | Стокгольм 2021",1.61
AK-47 | Элитное снаряжение (После полевых испытаний),Наклейка: Evil Geniuses | РМР 2020,1.61
AK-47 | Элитное снаряжение (После полевых испытаний),"Наклейка: Boombl4 | Стокгольм 2021, Natus Vincere | Антверпен 2022, Heroic | Антверпен 2022, FURIA | Антверпен 2022",1.61
AK-47 | Элитное снаряжение (После полевых испытаний),Наклейка: GODSENT | РМР 2020,1.61
AK-47 | Элитное снаряжение (После полевых испытаний),"Наклейка: Jame | Бостон 2018, Магистр-хранитель, karrigan (металлическая) | Лондон 2018",1.61
AK-47 | Элитное снаряжение (После полевых испытаний),"Наклейка: FaZe | РМР 2020, FaZe | РМР 2020, FaZe | РМР 2020, FaZe | РМР 2020",1.61
AK-47 | Элитное снаряжение (После полевых испытаний),Наклейка: Грязные деньги,1.61
AK-47 | Элитное снаряжение (После полевых испытаний),"Наклейка: karrigan | Бостон 2018, FaZe Clan | Краков 2017, GuardiaN | Бостон 2018, CR4ZY | Берлин 2019",1.61
AK-47 | Элитное снаряжение (После полевых испытаний),"Наклейка: Код «Дружба», ENCE | Катовице 2019, Гнумление, zehN | Бостон 2018",1.57
AK-47 | Элитное снаряжение (После полевых испытаний),"Наклейка: karrigan | Краков 2017, gade | Лондон 2018, Let's Roll-oll, gade | Лондон 2018",1.64
AK-47 | Элитное снаряжение (После полевых испытаний),"Наклейка: karrigan | Краков 2017, gade | Лондон 2018, Let's Roll-oll, gade | Лондон 2018",1.62
AK-47 | Элитное снаряжение (После полевых испытаний),"Наклейка: Код «Дружба», TSM Kinguin | Катовице 2015",1.58
AK-47 | Элитное снаряжение (После полевых испытаний),"Наклейка: dupreeh | Краков 2017, Virtus.Pro | Краков 2017, mousesports | Краков 2017, ELEAGUE | Atlanta 2017",1.65
AK-47 | Элитное снаряжение (После полевых испытаний),"Наклейка: Сломанный клык (голографическая), Ninjas in Pyjamas | Кёльн 2015, Медаль за заслуги",1.76
AK-47 | Элитное снаряжение (После полевых испытаний),"Наклейка: Высший разум, Токсичность, suNny | Лондон 2018, В паутине (голографическая)",1.65
AK-47 | Элитное снаряжение (После полевых испытаний),"Наклейка: TYLOO | РМР 2020, Боевые шрамы, Heroic | РМР 2020, FaZe (голографическая) | РМР 2020",1.65
AK-47 | Элитное снаряжение (После полевых испытаний),Наклейка: На охоте,1.57
AK-47 | Элитное снаряжение (После полевых испытаний),"Наклейка: FURIA | РМР 2020, FURIA | РМР 2020, Virtus.pro | РМР 2020, FaZe | РМР 2020",1.70
AK-47 | Элитное снаряжение (После полевых испытаний),"Наклейка: Древний мародёр, Kvik | Катовице 2019",1.70
AK-47 | Элитное снаряжение (После полевых испытаний),"Наклейка: FaZe | РМР 2020, Heroic | РМР 2020, 100 Thieves | РМР 2020",1.70
AK-47 | Элитное снаряжение (После полевых испытаний),"Наклейка: FaZe | РМР 2020, Heroic | РМР 2020, 100 Thieves | РМР 2020",1.62
AK-47 | Элитное снаряжение (После полевых испытаний),Наклейка: Copenhagen Flames | Стокгольм 2021,1.75
AK-47 | Элитное снаряжение (После полевых испытаний),Наклейка: FaZe Clan | Бостон 2018,1.70
AK-47 | Элитное снаряжение (После полевых испытаний),"Наклейка: RpK | Клуж-Напока 2015, flusha | Кёльн 2015, KRIMZ | Кёльн 2015",1.62
AK-47 | Элитное снаряжение (После полевых испытаний),Наклейка: NiKo (металлическая) | Лондон 2018,1.61
AK-47 | Элитное снаряжение (После полевых испытаний),"Наклейка: Snax | Краков 2017, Cloud9 | Краков 2017",1.73
AK-47 | Элитное снаряжение (После полевых испытаний),"Наклейка: ENCE | Стокгольм 2021, ENCE | Стокгольм 2021, ENCE | Стокгольм 2021, ENCE | Стокгольм 2021",1.69
AK-47 | Элитное снаряжение (После полевых испытаний),"Наклейка: Renegades (голографическая) | РМР 2020, Renegades (голографическая) | РМР 2020, Renegades (голографическая) | РМР 2020, Renegades (голографическая) | РМР 2020",1.62
AK-47 | Элитное снаряжение (После полевых испытаний),Наклейка: FURIA | РМР 2020,1.63
AK-47 | Элитное снаряжение (После полевых испытаний),"Наклейка: Ninjas in Pyjamas | Антверпен 2022, Natus Vincere | Антверпен 2022, BIG (блёстки) | Антверпен 2022, BIG | Антверпен 2022",1.77
AK-47 | Элитное снаряжение (После полевых испытаний),"Наклейка: Ninjas in Pyjamas | Антверпен 2022, Natus Vincere | Антверпен 2022, BIG (блёстки) | Антверпен 2022, BIG | Антверпен 2022",1.54
AK-47 | Элитное снаряжение (После полевых испытаний),"Наклейка: Evil Geniuses | РМР 2020, Evil Geniuses | РМР 2020, Evil Geniuses | РМР 2020, Evil Geniuses | РМР 2020",1.57
AK-47 | Элитное снаряжение (После полевых испытаний),Наклейка: Twistzz | Антверпен 2022,1.65
AK-47 | Элитное снаряжение (После полевых испытаний),"Наклейка: GODSENT | РМР 2020, Победа в кармане (голографическая)",1.54
AK-47 | Элитное снаряжение (После полевых испытаний),"Наклейка: Tyloo | Берлин 2019, electronic (металлическая) | Берлин 2019, Natus Vincere | Берлин 2019",1.57
AK-47 | Элитное снаряжение (После полевых испытаний),"Наклейка: Team Liquid (голографическая) | Берлин 2019, Team Liquid (голографическая) | Берлин 2019, Team Liquid (голографическая) | Берлин 2019, Team Liquid (голографическая) | Берлин 2019",1.57
AK-47 | Элитное снаряжение (После полевых испытаний),"Наклейка: Team Liquid | Лондон 2018, Подопытная свинка (голографическая), Natus Vincere | Бостон 2018",1.63
AK-47 | Элитное снаряжение (После полевых испытаний),"Наклейка: Клуб ножей, Удачи",1.63
AK-47 | Элитное снаряжение (После полевых испытаний),"Наклейка: Astralis | Краков 2017, Virtus.Pro | Краков 2017, BIG | Антверпен 2022, FalleN | Краков 2017",1.63
AK-47 | Элитное снаряжение (После полевых испытаний),"Наклейка: arT | Антверпен 2022, KSCERATO | Антверпен 2022, arT | Антверпен 2022, yuurih (блёстки) | Антверпен 2022",1.63
AK-47 | Элитное снаряжение (После полевых испытаний),"Наклейка: arT | Антверпен 2022, KSCERATO | Антверпен 2022, arT | Антверпен 2022, yuurih (блёстки) | Антверпен 2022",1.63
AK-47 | Элитное снаряжение (После полевых испытаний),Наклейка: Natus Vincere | РМР 2020,1.67
AK-47 | Элитное снаряжение (После полевых испытаний),"Наклейка: TYLOO | РМР 2020, Heroic (голографическая) | РМР 2020, Renegades | РМР 2020",1.73
AK-47 | Элитное снаряжение (После полевых испытаний),"Наклейка: Jame | Антверпен 2022, 9z Team (блёстки) | Антверпен 2022, Renegades (блёстки) | Антверпен 2022, Team Spirit (блёстки) | Антверпен 2022",1.65
AK-47 | Элитное снаряжение (После полевых испытаний),"Наклейка: Беги, спецназ, беги, Evil Geniuses | Стокгольм 2021, Evil Geniuses | Стокгольм 2021, Повеселимся",1.57
AK-47 | Элитное снаряжение (После полевых испытаний),Наклейка: Вигго,1.65
AK-47 | Элитное снаряжение (После полевых испытаний),"Наклейка: PGL | Антверпен 2022, PGL | Антверпен 2022, PGL | Антверпен 2022, PGL | Антверпен 2022",1.54
AK-47 | Элитное снаряжение (После полевых испытаний),Наклейка: RpK | Берлин 2019,1.70
AK-47 | Элитное снаряжение (После полевых испытаний),"Наклейка: Boombl4 | Берлин 2019, Zeus | Берлин 2019, electronic | Лондон 2018",1.70
AK-47 | Элитное снаряжение (После полевых испытаний),Наклейка: Дракон,1.54
AK-47 | Элитное снаряжение (После полевых испытаний),Наклейка: Дракон,1.64
AK-47 | Элитное снаряжение (После полевых испытаний),"Наклейка: ENCE | Катовице 2019, ENCE | Катовице 2019, FaZe Clan | Берлин 2019, Заклинатель курочек",1.65
AK-47 | Элитное снаряжение (После полевых испытаний),"Наклейка: Copenhagen Flames | Антверпен 2022, Copenhagen Flames | Антверпен 2022, Copenhagen Flames | Антверпен 2022, Copenhagen Flames | Антверпен 2022",1.65
AK-47 | Элитное снаряжение (После полевых испытаний),"Наклейка: Spirit | РМР 2020, Золотая сеть, Spirit | РМР 2020, North | РМР 2020",1.81
AK-47 | Элитное снаряжение (После полевых испытаний),"Наклейка: zhokiNg | Катовице 2019, JaCkz | Катовице 2019, Freeman | Катовице 2019, TACO | Бостон 2018",1.79
AK-47 | Элитное снаряжение (После полевых испытаний),"Наклейка: BIG | Лондон 2018, BIG | Лондон 2018, BIG | Лондон 2018",1.57
AK-47 | Элитное снаряжение (После полевых испытаний),Наклейка: Лама-пушка,1.70
AK-47 | Элитное снаряжение (После полевых испытаний),"Наклейка: Natus Vincere | РМР 2020, Natus Vincere | РМР 2020, Natus Vincere | РМР 2020, Natus Vincere | РМР 2020",1.70
AK-47 | Элитное снаряжение (После полевых испытаний),Наклейка: Cloud9 G2A | Кёльн 2015,1.63
AK-47 | Элитное снаряжение (После полевых испытаний),"Наклейка: Тер-тех, Тер-тех, Кавайный террорист, Fnatic | Кёльн 2016",1.64
AK-47 | Элитное снаряжение (После полевых испытаний),"Наклейка: Тер-тех, Тер-тех, Кавайный террорист, Fnatic | Кёльн 2016",1.53
AK-47 | Элитное снаряжение (После полевых испытаний),"Наклейка: Fnatic | Кёльн 2016, SANJI | Берлин 2019, oskar | Берлин 2019, SANJI | Берлин 2019",1.58
AK-47 | Элитное снаряжение (После полевых испытаний),Наклейка: flamie | Берлин 2019,1.81
AK-47 | Элитное снаряжение (После полевых испытаний),Наклейка: Natus Vincere | РМР 2020,1.65
AK-47 | Элитное снаряжение (После полевых испытаний),"Наклейка: Bad News Eagles | Рио 2022, Bad News Eagles | Рио 2022",1.65
AK-47 | Элитное снаряжение (После полевых испытаний),Наклейка: Natus Vincere | РМР 2020,1.65
AK-47 | Элитное снаряжение (После полевых испытаний),"Наклейка: Gen.G | РМР 2020, electroNic | Стокгольм 2021, Boombl4 | Стокгольм 2021, Perfecto | Стокгольм 2021",1.65
AK-47 | Элитное снаряжение (После полевых испытаний),"Наклейка: Vitality (голографическая) | РМР 2020, Natus Vincere | РМР 2020, Кимберли",1.65
AK-47 | Элитное снаряжение (После полевых испытаний),"Наклейка: Первая кровь, Укуси меня, Охотник",1.65
AK-47 | Элитное снаряжение (После полевых испытаний),"Наклейка: Xyp9x (металлическая) | Берлин 2019, yuurih (голографическая) | Стокгольм 2021, Xyp9x (металлическая) | Берлин 2019, Охотник",1.65
AK-47 | Элитное снаряжение (После полевых испытаний),"Наклейка: Xyp9x (металлическая) | Берлин 2019, yuurih (голографическая) | Стокгольм 2021, Xyp9x (металлическая) | Берлин 2019, Охотник",1.65
AK-47 | Элитное снаряжение (После полевых испытаний),"Наклейка: Imperial Esports | Антверпен 2022, Vitality (голографическая) | РМР 2020, FURIA (блёстки) | Антверпен 2022",1.64
AK-47 | Элитное снаряжение (После полевых испытаний),Наклейка: flusha | Клуж-Напока 2015,1.65
AK-47 | Элитное снаряжение (После полевых испытаний),"Наклейка: Последняя Вэнс, Высший разум (голографическая), Тер-тех",1.78
AK-47 | Элитное снаряжение (После полевых испытаний),Наклейка: flusha | Клуж-Напока 2015,1.65
AK-47 | Элитное снаряжение (После полевых испытаний),"Наклейка: Последняя Вэнс, Высший разум (голографическая), Тер-тех",1.78
AK-47 | Элитное снаряжение (После полевых испытаний),"Наклейка: jdm64 | Кёльн 2016, jdm64 | Кёльн 2016, Xizt | Колумбус 2016",1.66
AK-47 | Элитное снаряжение (После полевых испытаний),Наклейка: Жидкий огонь,1.66
AK-47 | Элитное снаряжение (После полевых испытаний),Наклейка: Я тебя вижу (голографическая),1.65
AK-47 | Элитное снаряжение (После полевых испытаний),"Наклейка: Спасите, Boombl4 | Стокгольм 2021, Ninjas in Pyjamas | Антверпен 2022, Тер-тех",1.65
AK-47 | Элитное снаряжение (После полевых испытаний),"Наклейка: Спасите, Boombl4 | Стокгольм 2021, Ninjas in Pyjamas | Антверпен 2022, Тер-тех",1.61
AK-47 | Элитное снаряжение (После полевых испытаний),"Наклейка: Boom | РМР 2020, Virtus.pro | РМР 2020, olofmeister | Катовице 2019, Copenhagen Flames | Антверпен 2022",1.80
AK-47 | Элитное снаряжение (После полевых испытаний),Наклейка: MIBR | Лондон 2018,1.69
AK-47 | Элитное снаряжение (После полевых испытаний),"Наклейка: BIG | Антверпен 2022, Copenhagen Flames | Антверпен 2022, FaZe Clan | Антверпен 2022",1.64
AK-47 | Элитное снаряжение (После полевых испытаний),"Наклейка: Легендарный беркут-магистр (голографическая), Серебро (голографическая), Слишком поздно, Сезон сёрфинга",1.57
AK-47 | Элитное снаряжение (После полевых испытаний),"Наклейка: Приветствую, Приветствую, Приветствую, Приветствую",1.57
AK-47 | Элитное снаряжение (После полевых испытаний),Наклейка: Ципао (голографическая),1.57
AK-47 | Элитное снаряжение (После полевых испытаний),"Наклейка: Boom | РМР 2020, Boom | РМР 2020, Boom | РМР 2020, Boom | РМР 2020",1.57
AK-47 | Элитное снаряжение (После полевых испытаний),Наклейка: Великий магистр высшего ранга,1.61
AK-47 | Элитное снаряжение (После полевых испытаний),"Наклейка: Тащермэн (голографическая), Выпустите! (голографическая), Выпустите! (голографическая), b1t | Стокгольм 2021",1.64
AK-47 | Элитное снаряжение (После полевых испытаний),"Наклейка: Тащермэн (голографическая), Выпустите! (голографическая), Выпустите! (голографическая), b1t | Стокгольм 2021",1.61
AK-47 | Элитное снаряжение (После полевых испытаний),"Наклейка: Последняя Вэнс, Последняя Вэнс, Последняя Вэнс, Тамара",1.57
AK-47 | Элитное снаряжение (После полевых испытаний),Наклейка: Сезон сёрфинга,1.76
AK-47 | Элитное снаряжение (После полевых испытаний),"Наклейка: olofmeister | Кёльн 2015, flusha | Кёльн 2015, Fnatic | Атланта 2017, XANTARES | Бостон 2018",1.64
AK-47 | Элитное снаряжение (После полевых испытаний),"Наклейка: olofmeister | Кёльн 2015, flusha | Кёльн 2015, Fnatic | Атланта 2017, XANTARES | Бостон 2018",1.64
AK-47 | Элитное снаряжение (После полевых испытаний),"Наклейка: Astralis (голографическая) | РМР 2020, FaZe (голографическая) | РМР 2020, Astralis (голографическая) | РМР 2020, FaZe (голографическая) | РМР 2020",1.77
AK-47 | Элитное снаряжение (После полевых испытаний),"Наклейка: Xyp9x | Берлин 2019, Magisk | Берлин 2019, gla1ve | Берлин 2019, dupreeh | Берлин 2019",1.65
AK-47 | Элитное снаряжение (После полевых испытаний),"Наклейка: Ninjas in Pyjamas | Кёльн 2016, Магистр-хранитель, Пятнистый враг",1.64
AK-47 | Элитное снаряжение (После полевых испытаний),"Наклейка: Золотая сеть, Золотая сеть, Золотая сеть (металлическая), Золотая сеть (металлическая)",1.64
AK-47 | Элитное снаряжение (После полевых испытаний),"Наклейка: Natus Vincere (голографическая) | РМР 2020, Natus Vincere (голографическая) | РМР 2020, Natus Vincere (голографическая) | РМР 2020, Natus Vincere (голографическая) | РМР 2020",1.65
AK-47 | Элитное снаряжение (После полевых испытаний),"Наклейка: Natus Vincere (голографическая) | РМР 2020, Natus Vincere (голографическая) | РМР 2020, Natus Vincere (голографическая) | РМР 2020, Natus Vincere (голографическая) | РМР 2020",1.65
AK-47 | Элитное снаряжение (После полевых испытаний),"Наклейка: FaZe Clan | Кёльн 2016, FaZe Clan | Стокгольм 2021, FaZe Clan | Стокгольм 2021, cadiaN | Стокгольм 2021",1.65
AK-47 | Элитное снаряжение (После полевых испытаний),"Наклейка: EliGE | Берлин 2019, AdreN | Берлин 2019",1.65
AK-47 | Элитное снаряжение (После полевых испытаний),"Наклейка: Renegades | Стокгольм 2021, PGL | Антверпен 2022, Renegades | Стокгольм 2021, Natus Vincere (металлическая) | Берлин 2019",1.61
AK-47 | Элитное снаряжение (После полевых испытаний),"Наклейка: LEGIJA | Краков 2017, Мантикора",1.65
AK-47 | Элитное снаряжение (После полевых испытаний),Наклейка: apEX | Кёльн 2016,1.65
AK-47 | Элитное снаряжение (После полевых испытаний),Наклейка: Всё нормально (террорист),1.61
AK-47 | Элитное снаряжение (После полевых испытаний),"Наклейка: Ninjas in Pyjamas | РМР 2020, Ninjas in Pyjamas | РМР 2020, Ninjas in Pyjamas | РМР 2020, Ninjas in Pyjamas | РМР 2020",1.65
AK-47 | Элитное снаряжение (После полевых испытаний),"Наклейка: FURIA | Антверпен 2022, FURIA | Антверпен 2022, FURIA | Антверпен 2022, FURIA | Антверпен 2022",1.65
AK-47 | Элитное снаряжение (После полевых испытаний),Наклейка: qikert | Антверпен 2022,1.61
AK-47 | Элитное снаряжение (После полевых испытаний),Наклейка: qikert | Антверпен 2022,1.65
AK-47 | Элитное снаряжение (После полевых испытаний),"Наклейка: MIBR | Антверпен 2022, MIBR | Антверпен 2022, MIBR | Антверпен 2022, exit | Антверпен 2022",1.66
AK-47 | Элитное снаряжение (После полевых испытаний),"Наклейка: Natus Vincere | Стокгольм 2021, Spirit | РМР 2020, OG | РМР 2020",1.63
AK-47 | Элитное снаряжение (После полевых испытаний),"Наклейка: GODSENT (голографическая) | РМР 2020, 100 Thieves (голографическая) | РМР 2020",1.63
AK-47 | Элитное снаряжение (После полевых испытаний),Наклейка: byali | Атланта 2017,1.57
AK-47 | Элитное снаряжение (После полевых испытаний),"Наклейка: Natus Vincere | Антверпен 2022, Natus Vincere | Антверпен 2022, Natus Vincere | Антверпен 2022, Natus Vincere | Антверпен 2022",1.42
AK-47 | Элитное снаряжение (После полевых испытаний),"Наклейка: dexter | Берлин 2019, Tyloo | Берлин 2019, BnTeT | Берлин 2019, WorldEdit | Катовице 2019",1.73
AK-47 | Элитное снаряжение (После полевых испытаний),"Наклейка: Код «Дружба», Код «Дружба», Код «Дружба», Код «Дружба»",1.69
AK-47 | Элитное снаряжение (После полевых испытаний),"Наклейка: Я слишком стар, Я слишком стар, Я слишком стар, Я слишком стар",1.69
AK-47 | Элитное снаряжение (После полевых испытаний),Наклейка: apEX | Клуж-Напока 2015,1.76
AK-47 | Элитное снаряжение (После полевых испытаний),Наклейка: apEX | Клуж-Напока 2015,1.65
AK-47 | Элитное снаряжение (После полевых испытаний),Наклейка: dupreeh | Антверпен 2022,1.65
AK-47 | Элитное снаряжение (После полевых испытаний),Наклейка: steel (металлическая) | Клуж-Напока 2015,1.65
AK-47 | Элитное снаряжение (После полевых испытаний),"Наклейка: FURIA | РМР 2020, 100 Thieves | РМР 2020, Liquid | РМР 2020, Evil Geniuses | РМР 2020",1.70
AK-47 | Элитное снаряжение (После полевых испытаний),"Наклейка: Boom | РМР 2020, Boom | РМР 2020, Evil Geniuses | РМР 2020, North | РМР 2020",1.77
AK-47 | Элитное снаряжение (После полевых испытаний),Наклейка: Металл,1.57
AK-47 | Элитное снаряжение (После полевых испытаний),"Наклейка: Ninjas in Pyjamas | РМР 2020, PGL | Антверпен 2022, Ninjas in Pyjamas | РМР 2020, FURIA | Антверпен 2022",1.72
AK-47 | Элитное снаряжение (После полевых испытаний),"Наклейка: Heroic | РМР 2020, LEGIJA | Краков 2017, olofmeister | Кёльн 2015, Liquid | РМР 2020",1.66
AK-47 | Элитное снаряжение (После полевых испытаний),"Наклейка: Ninjas in Pyjamas | Антверпен 2022, BIG | Антверпен 2022",1.66
AK-47 | Элитное снаряжение (После полевых испытаний),"Наклейка: Самурай, Спартанец, Золотая звезда, Самурай",1.62
AK-47 | Элитное снаряжение (После полевых испытаний),"Наклейка: Самурай, Спартанец, Золотая звезда, Самурай",1.81
AK-47 | Элитное снаряжение (После полевых испытаний),"Наклейка: Edward | Колумбус 2016, FURIA (голографическая) | РМР 2020, ESL | Кёльн 2016, Fnatic | MLG Columbus 2016",1.61
AK-47 | Элитное снаряжение (После полевых испытаний),Наклейка: Xyp9x | Краков 2017,1.81
AK-47 | Элитное снаряжение (После полевых испытаний),"Наклейка: FaZe Clan | Антверпен 2022, FaZe Clan | Антверпен 2022, FaZe Clan | Антверпен 2022, FaZe Clan | Антверпен 2022",1.64
AK-47 | Элитное снаряжение (После полевых испытаний),"Наклейка: FaZe Clan | Антверпен 2022, FaZe Clan | Антверпен 2022, FaZe Clan | Антверпен 2022, FaZe Clan | Антверпен 2022",1.64
AK-47 | Элитное снаряжение (После полевых испытаний),"Наклейка: Ninjas in Pyjamas | РМР 2020, Ninjas in Pyjamas | РМР 2020, Ninjas in Pyjamas | РМР 2020, Ninjas in Pyjamas | РМР 2020",1.64
AK-47 | Элитное снаряжение (После полевых испытаний),"Наклейка: Twistzz (голографическая, чемпион) | Антверпен 2022, karrigan (голографическая, чемпион) | Антверпен 2022, rain (голографическая, чемпион) | Антверпен 2022, ropz (голографическая, чемпион) | Антверпен 2022",1.74
AK-47 | Элитное снаряжение (После полевых испытаний),Наклейка: REZ | Лондон 2018,1.65
AK-47 | Элитное снаряжение (После полевых испытаний),"Наклейка: Я слишком стар, Кудах, Подопытная свинка (голографическая), Тащермэн (голографическая)",1.66
AK-47 | Элитное снаряжение (После полевых испытаний),"Наклейка: Virtus.pro (голографическая) | РМР 2020, Virtus.pro (голографическая) | РМР 2020, Virtus.pro (голографическая) | РМР 2020, apEX (голографическая) | Антверпен 2022",1.66
AK-47 | Элитное снаряжение (После полевых испытаний),"Наклейка: Virtus.pro (голографическая) | РМР 2020, Virtus.pro (голографическая) | РМР 2020, Virtus.pro (голографическая) | РМР 2020, apEX (голографическая) | Антверпен 2022",1.65
AK-47 | Элитное снаряжение (После полевых испытаний),"Наклейка: Team Liquid | Колумбус 2016, Natus Vincere | Катовице 2019, Virtus.Pro | Краков 2017, FURIA | Катовице 2019",1.66
AK-47 | Элитное снаряжение (После полевых испытаний),"Наклейка: Vitality | Антверпен 2022, PGL | Антверпен 2022",1.57
AK-47 | Элитное снаряжение (После полевых испытаний),"Наклейка: Gen.G (голографическая) | РМР 2020, Gen.G | РМР 2020, Медаль за заслуги, chrisJ (металлическая) | Берлин 2019",1.66
AK-47 | Элитное снаряжение (После полевых испытаний),"Наклейка: Heroic | РМР 2020, Nemiga | РМР 2020, G2 | РМР 2020, Спартанец",1.70
AK-47 | Элитное снаряжение (После полевых испытаний),"Наклейка: Сепаратистские пиксели, Постер SAS, Трезвый ум",1.70
AK-47 | Элитное снаряжение (После полевых испытаний),"Наклейка: EliGE | Катовице 2019, gla1ve | Катовице 2019, Hobbit | Катовице 2019, Hobbit | Катовице 2019",1.73
AK-47 | Элитное снаряжение (После полевых испытаний),"Наклейка: dennis | Лондон 2018, MSL | Бостон 2018, Misfits Gaming | Бостон 2018, AZR | Бостон 2018",1.64
AK-47 | Элитное снаряжение (После полевых испытаний),"Наклейка: TYLOO | РМР 2020, TYLOO | РМР 2020, TYLOO | РМР 2020, TYLOO | РМР 2020",1.65
AK-47 | Элитное снаряжение (После полевых испытаний),"Наклейка: FL1T | Антверпен 2022, FL1T | Антверпен 2022, EliGE | Антверпен 2022, xfl0ud | Антверпен 2022",1.76
AK-47 | Элитное снаряжение (После полевых испытаний),"Наклейка: FL1T | Антверпен 2022, FL1T | Антверпен 2022, EliGE | Антверпен 2022, xfl0ud | Антверпен 2022",1.70
AK-47 | Элитное снаряжение (После полевых испытаний),Наклейка: f0rest | Кёльн 2016,1.70
AK-47 | Элитное снаряжение (После полевых испытаний),"Наклейка: NEO | Берлин 2019, Spirit (голографическая) | РМР 2020, s1mple | Стокгольм 2021, 100 Thieves (металлическая) | РМР 2020",1.66
AK-47 | Элитное снаряжение (После полевых испытаний),"Наклейка: RpK | Клуж-Напока 2015, Team EnVyUs | Кёльн 2015, flusha | Кёльн 2015",1.66
AK-47 | Элитное снаряжение (После полевых испытаний),"Наклейка: В паутине (голографическая), В паутине (голографическая), В паутине (голографическая), В паутине (голографическая)",1.65
AK-47 | Элитное снаряжение (После полевых испытаний),"Наклейка: Змеиная атака, Змеиная атака, Благородный летун",1.66
AK-47 | Элитное снаряжение (После полевых испытаний),Наклейка: Компания «Один на пятерых» (голографическая),1.77
AK-47 | Элитное снаряжение (После полевых испытаний),Наклейка: Fnatic | Кёльн 2015,1.62
AK-47 | Элитное снаряжение (После полевых испытаний),"Наклейка: Плохо нарисованная Ава, Evil Geniuses | РМР 2020, Плохо нарисованный Номер К",1.63
AK-47 | Элитное снаряжение (После полевых испытаний),"Наклейка: Шлем солдата Альянса, Copenhagen Flames (голографическая) | Антверпен 2022, Boom | РМР 2020",1.81
AK-47 | Элитное снаряжение (После полевых испытаний),"Наклейка: Шлем солдата Альянса, Copenhagen Flames (голографическая) | Антверпен 2022, Boom | РМР 2020",1.81
AK-47 | Элитное снаряжение (После полевых испытаний),"Наклейка: Natus Vincere | РМР 2020, Gambit | Краков 2017, Virtus.Pro | Краков 2017, Spirit | РМР 2020",1.66
AK-47 | Элитное снаряжение (После полевых испытаний),"Наклейка: Astralis | РМР 2020, Astralis | РМР 2020, Astralis | РМР 2020",1.64
AK-47 | Элитное снаряжение (После полевых испытаний),"Наклейка: FURIA | РМР 2020, FURIA | РМР 2020, FURIA | РМР 2020, FURIA | РМР 2020",1.81
AK-47 | Элитное снаряжение (После полевых испытаний),"Наклейка: FURIA | РМР 2020, FURIA | РМР 2020, FURIA | РМР 2020, FURIA | РМР 2020",1.81
AK-47 | Элитное снаряжение (После полевых испытаний),"Наклейка: Team Liquid | Антверпен 2022, Team Liquid | Антверпен 2022, Team Liquid | Антверпен 2022, Team Liquid | Антверпен 2022",1.74
AK-47 | Элитное снаряжение (После полевых испытаний),Наклейка: Flipsid3 Tactics | Атланта 2017,1.66
AK-47 | Элитное снаряжение (После полевых испытаний),"Наклейка: Hobbit | Краков 2017, Hobbit | Краков 2017, Hobbit | Краков 2017, Hobbit | Краков 2017",1.65
AK-47 | Элитное снаряжение (После полевых испытаний),"Наклейка: Natus Vincere | Бостон 2018, Natus Vincere | Бостон 2018",1.64
AK-47 | Элитное снаряжение (После полевых испытаний),"Наклейка: Змеиная атака, ESPADA | РМР 2020, Renegades | РМР 2020, Vitality | РМР 2020",1.81
AK-47 | Элитное снаряжение (После полевых испытаний),"Наклейка: Змеиная атака, ESPADA | РМР 2020, Renegades | РМР 2020, Vitality | РМР 2020",1.55
AK-47 | Элитное снаряжение (После полевых испытаний),"Наклейка: FURIA | РМР 2020, FURIA | РМР 2020, FURIA | РМР 2020, Пиксельный мститель",1.55
AK-47 | Элитное снаряжение (После полевых испытаний),Наклейка: Обнимашки,1.74
AK-47 | Элитное снаряжение (После полевых испытаний),Наклейка: Evil Geniuses | РМР 2020,1.65
AK-47 | Элитное снаряжение (После полевых испытаний),"Наклейка: Renegades | РМР 2020, Renegades | РМР 2020, Renegades | РМР 2020, Renegades | РМР 2020",1.78
AK-47 | Элитное снаряжение (После полевых испытаний),"Наклейка: jks | Берлин 2019, olofmeister (металлическая) | Лондон 2018, Stewie2K | Краков 2017, Natus Vincere | Колумбус 2016",1.67
AK-47 | Элитное снаряжение (После полевых испытаний),Наклейка: olofmeister | Кёльн 2015,1.67
AK-47 | Элитное снаряжение (После полевых испытаний),Наклейка: IEM | Катовице 2019,1.67
AK-47 | Элитное снаряжение (После полевых испытаний),"Наклейка: Copenhagen Flames | Стокгольм 2021, Copenhagen Flames | Стокгольм 2021, Copenhagen Flames | Стокгольм 2021, Copenhagen Flames | Стокгольм 2021",1.86
AK-47 | Элитное снаряжение (После полевых испытаний),"Наклейка: Кость «Петух», Кость «Петух», Кавайный террорист, KRIMZ | Кёльн 2015",1.69
AK-47 | Элитное снаряжение (После полевых испытаний),"Наклейка: Кость «Петух», Кость «Петух», Кавайный террорист, KRIMZ | Кёльн 2015",1.67
AK-47 | Элитное снаряжение (После полевых испытаний),"Наклейка: Astralis | Атланта 2017, North | Атланта 2017",1.67
AK-47 | Элитное снаряжение (После полевых испытаний),Наклейка: Спартанец,1.67
AK-47 | Элитное снаряжение (После полевых испытаний),"Наклейка: Vitality | РМР 2020, Natus Vincere | РМР 2020, 100 Thieves | РМР 2020",1.68
AK-47 | Элитное снаряжение (После полевых испытаний),"Наклейка: Vitality | РМР 2020, Natus Vincere | РМР 2020, 100 Thieves | РМР 2020",1.68
AK-47 | Элитное снаряжение (После полевых испытаний),Наклейка: Спец-тех,1.70
AK-47 | Элитное снаряжение (После полевых испытаний),"Наклейка: Серебро, allu | Берлин 2019",1.70
AK-47 | Элитное снаряжение (После полевых испытаний),"Наклейка: FaZe | РМР 2020, FaZe | РМР 2020, FaZe | РМР 2020, FaZe | РМР 2020",1.76
AK-47 | Элитное снаряжение (После полевых испытаний),"Наклейка: Sharks Esports | Стокгольм 2021, Sharks Esports | Стокгольм 2021, Sharks Esports (голографическая) | Стокгольм 2021, Sharks Esports (голографическая) | Стокгольм 2021",1.73
AK-47 | Элитное снаряжение (После полевых испытаний),"Наклейка: Блицкриг, Блицкриг, Блицкриг, Блицкриг",1.68
AK-47 | Элитное снаряжение (После полевых испытаний),"Наклейка: Блицкриг, Блицкриг, Блицкриг, Блицкриг",1.64
AK-47 | Элитное снаряжение (После полевых испытаний),Наклейка: Happy | Клуж-Напока 2015,1.64
AK-47 | Элитное снаряжение (После полевых испытаний),"Наклейка: Возрождение феникса, BIG | Краков 2017, Astralis | Бостон 2018, jkaem | Лондон 2018",1.64
AK-47 | Элитное снаряжение (После полевых испытаний),"Наклейка: Сапер, Nemiga | РМР 2020, Evil Geniuses | РМР 2020, На охоте",1.61
AK-47 | Элитное снаряжение (После полевых испытаний),"Наклейка: Natus Vincere | РМР 2020, Natus Vincere | РМР 2020, Natus Vincere | РМР 2020, Natus Vincere | РМР 2020",1.78
AK-47 | Элитное снаряжение (После полевых испытаний),"Наклейка: Крепкие объятия (голографическая), Крепкие объятия (голографическая), Крепкие объятия (голографическая), Крепкие объятия (голографическая)",1.67
AK-47 | Элитное снаряжение (После полевых испытаний),Наклейка: NiKo | Бостон 2018,1.67
AK-47 | Элитное снаряжение (После полевых испытаний),"Наклейка: G2 Esports | Антверпен 2022, dupreeh | Антверпен 2022, coldzera (металлическая) | Бостон 2018, KRIMZ | Кёльн 2015",1.68
AK-47 | Элитное снаряжение (После полевых испытаний),"Наклейка: FaZe Clan | Краков 2017, FaZe Clan | Краков 2017, Gambit | Краков 2017, Гнев",1.68
AK-47 | Элитное снаряжение (После полевых испытаний),"Наклейка: Ninjas in Pyjamas | Антверпен 2022, IHC Esports (блёстки) | Антверпен 2022",1.64
AK-47 | Элитное снаряжение (После полевых испытаний),"Наклейка: Ninjas in Pyjamas | Антверпен 2022, IHC Esports (блёстки) | Антверпен 2022",1.70
AK-47 | Элитное снаряжение (После полевых испытаний),"Наклейка: electroNic | Стокгольм 2021, b1t | Стокгольм 2021, Perfecto | Стокгольм 2021, Boombl4 | Стокгольм 2021",1.85
AK-47 | Элитное снаряжение (После полевых испытаний),"Наклейка: XANTARES | Катовице 2019, Легендарный беркут-магистр",1.61
AK-47 | Элитное снаряжение (После полевых испытаний),"Наклейка: Сапер, Сапер, Сапер, Сапер",1.81
AK-47 | Элитное снаряжение (После полевых испытаний),"Наклейка: Liquid (золотая) | РМР 2020, Liquid (металлическая) | РМР 2020, Плохо нарисованный балканец, Привет, ПП-19 «Бизон»",1.64
AK-47 | Элитное снаряжение (После полевых испытаний),Наклейка: NEO | Кёльн 2015,1.62
AK-47 | Элитное снаряжение (После полевых испытаний),"Наклейка: Kjaerbye | Атланта 2017, Ex6TenZ | Колумбус 2016, Fnatic | РМР 2020",1.70
AK-47 | Элитное снаряжение (После полевых испытаний),"Наклейка: Чёрный рыбозуб, На охоте, Медаль за заслуги, Team Spirit | Стокгольм 2021",1.64
AK-47 | Элитное снаряжение (После полевых испытаний),"Наклейка: Virtus.pro | РМР 2020, Virtus.Pro | Атланта 2017, Virtus.pro | РМР 2020, Virtus.pro | РМР 2020",1.64
AK-47 | Элитное снаряжение (После полевых испытаний),"Наклейка: Пятнистый враг, Древний защитник, Пятнистый враг",1.81
AK-47 | Элитное снаряжение (После полевых испытаний),"Наклейка: Пятнистый враг, Древний защитник, Пятнистый враг",1.64
AK-47 | Элитное снаряжение (После полевых испытаний),"Наклейка: Каменная чешуя, Гнумление, Падальщик, Последняя Вэнс",1.64
AK-47 | Элитное снаряжение (После полевых испытаний),"Наклейка: Пятнистый враг, Пятнистый враг, Змеиная атака, Змеиная атака",1.64
AK-47 | Элитное снаряжение (После полевых испытаний),"Наклейка: Ninjas in Pyjamas | РМР 2020, G2 | РМР 2020, Ninjas in Pyjamas | РМР 2020, G2 | РМР 2020",1.64
AK-47 | Элитное снаряжение (После полевых испытаний),Наклейка: s1mple | Лондон 2018,1.64
AK-47 | Элитное снаряжение (После полевых испытаний),"Наклейка: Пятнистый враг, Пятнистый враг, Змеиная атака, Змеиная атака",1.64
AK-47 | Элитное снаряжение (После полевых испытаний),"Наклейка: Ninjas in Pyjamas | РМР 2020, G2 | РМР 2020, Ninjas in Pyjamas | РМР 2020, G2 | РМР 2020",1.64
AK-47 | Элитное снаряжение (После полевых испытаний),Наклейка: Жёлтый смертоносец,1.64
AK-47 | Элитное снаряжение (После полевых испытаний),Наклейка: SicK | Берлин 2019,1.64
AK-47 | Элитное снаряжение (После полевых испытаний),"Наклейка: Zeus | Берлин 2019, Zeus | Берлин 2019, Zeus | Берлин 2019, Zeus | Берлин 2019",1.64
AK-47 | Элитное снаряжение (После полевых испытаний),"Наклейка: Zeus | Берлин 2019, Zeus | Берлин 2019, Zeus | Берлин 2019, Zeus | Берлин 2019",1.64
AK-47 | Элитное снаряжение (После полевых испытаний),"Наклейка: sergej | Берлин 2019, DreamEaters | Берлин 2019, Winstrike Team | Лондон 2018, Расколотая сеть",1.64
AK-47 | Элитное снаряжение (После полевых испытаний),Наклейка: olofmeister | Клуж-Напока 2015,1.64
AK-47 | Элитное снаряжение (После полевых испытаний),"Наклейка: Fnatic | РМР 2020, sjuush | Стокгольм 2021, Fnatic | Лондон 2018",1.64
AK-47 | Элитное снаряжение (После полевых испытаний),"Наклейка: jks | Берлин 2019, jks | Берлин 2019, jks | Берлин 2019, jks | Берлин 2019",1.64
AK-47 | Элитное снаряжение (После полевых испытаний),"Наклейка: FURIA | Стокгольм 2021, VINI | Стокгольм 2021, FalleN | Берлин 2019, Perfecto | Стокгольм 2021",1.64
AK-47 | Элитное снаряжение (После полевых испытаний),"Наклейка: Змеиная атака, FURIA | Стокгольм 2021, FURIA | Стокгольм 2021, FURIA | Стокгольм 2021",1.64
AK-47 | Элитное снаряжение (После полевых испытаний),"Наклейка: Высший разум, Арбузный черепощуп, FaZe Clan | Атланта 2017, Кровавый волнолов",1.64
AK-47 | Элитное снаряжение (После полевых испытаний),"Наклейка: PGL | Стокгольм 2021, PGL | Стокгольм 2021, PGL | Стокгольм 2021, TYLOO (голографическая) | РМР 2020",1.65
AK-47 | Элитное снаряжение (После полевых испытаний),"Наклейка: FaZe | РМР 2020, Охотник, G2 | РМР 2020, TYLOO | РМР 2020",1.49
AK-47 | Элитное снаряжение (После полевых испытаний),"Наклейка: FaZe | РМР 2020, Охотник, G2 | РМР 2020, TYLOO | РМР 2020",1.65
AK-47 | Элитное снаряжение (После полевых испытаний),"Наклейка: Team Liquid | Стокгольм 2021, Team Liquid | Стокгольм 2021, Team Liquid | Стокгольм 2021, Team Liquid | Стокгольм 2021",1.67
AK-47 | Элитное снаряжение (После полевых испытаний),"Наклейка: Team Liquid | Стокгольм 2021, 100 Thieves | РМР 2020, Vitality | РМР 2020, Heroic | РМР 2020",1.70
AK-47 | Элитное снаряжение (После полевых испытаний),"Наклейка: Жёлтый смертоносец, Virtus.pro | РМР 2020, Vitality | Стокгольм 2021, Жёлтый бомбстер",1.65
AK-47 | Элитное снаряжение (После полевых испытаний),"Наклейка: Team Liquid | Стокгольм 2021, 100 Thieves | РМР 2020, Vitality | РМР 2020, Heroic | РМР 2020",1.70
AK-47 | Элитное снаряжение (После полевых испытаний),"Наклейка: Жёлтый смертоносец, Virtus.pro | РМР 2020, Vitality | Стокгольм 2021, Жёлтый бомбстер",1.65
AK-47 | Элитное снаряжение (После полевых испытаний),"Наклейка: Высший разум (голографическая), ESPADA (голографическая) | РМР 2020, Высший разум (голографическая), Renegades | РМР 2020",1.70
AK-47 | Элитное снаряжение (После полевых испытаний),"Наклейка: 100 Thieves | РМР 2020, Natus Vincere | РМР 2020",1.67
AK-47 | Элитное снаряжение (После полевых испытаний),"Наклейка: Zeus | Берлин 2019, electronic | Берлин 2019, flamie | Берлин 2019, s1mple | Берлин 2019",1.61
AK-47 | Элитное снаряжение (После полевых испытаний),"Наклейка: Heroic | РМР 2020, Heroic | РМР 2020, Heroic | РМР 2020, Fnatic | РМР 2020",1.65
AK-47 | Элитное снаряжение (После полевых испытаний),"Наклейка: Heroic | РМР 2020, Heroic | РМР 2020, Heroic | РМР 2020, Fnatic | РМР 2020",1.65
AK-47 | Элитное снаряжение (После полевых испытаний),Наклейка: ANGE1 (металлическая) | Берлин 2019,1.65
AK-47 | Элитное снаряжение (После полевых испытаний),"Наклейка: FaZe | РМР 2020, FaZe | РМР 2020, FaZe | РМР 2020, FaZe | РМР 2020",1.72
AK-47 | Элитное снаряжение (После полевых испытаний),"Наклейка: Обнимашки, buster | Берлин 2019",1.74
AK-47 | Элитное снаряжение (После полевых испытаний),"Наклейка: karrigan | Берлин 2019, karrigan | Берлин 2019, GuardiaN | Берлин 2019, Сожжение",1.76
AK-47 | Элитное снаряжение (После полевых испытаний),"Наклейка: Глаз долой, Глаз долой, Глаз долой, Глаз долой",1.76
AK-47 | Элитное снаряжение (После полевых испытаний),"Наклейка: Сломанный клык (голографическая), Boom (голографическая) | РМР 2020, GODSENT (металлическая) | Стокгольм 2021, Позолоченный волнолов",1.73
AK-47 | Элитное снаряжение (После полевых испытаний),Наклейка: Ninjas in Pyjamas (голографическая) | РМР 2020,1.92
AK-47 | Элитное снаряжение (После полевых испытаний),"Наклейка: k0nfig | Бостон 2018, k0nfig | Бостон 2018, k0nfig | Бостон 2018, k0nfig | Бостон 2018",1.68
AK-47 | Элитное снаряжение (После полевых испытаний),Наклейка: FaZe Clan | Лондон 2018,1.84
AK-47 | Элитное снаряжение (После полевых испытаний),Наклейка: FaZe Clan | Лондон 2018,1.73
AK-47 | Элитное снаряжение (После полевых испытаний),"Наклейка: Team Liquid | Колумбус 2016, Ninjas in Pyjamas (голографическая) | РМР 2020, Vitality (голографическая) | РМР 2020, Natus Vincere (голографическая) | РМР 2020",1.66
AK-47 | Элитное снаряжение (После полевых испытаний),"Наклейка: G2 Esports | Антверпен 2022, G2 Esports | Антверпен 2022, G2 Esports | Антверпен 2022, G2 Esports | Антверпен 2022",1.74
AK-47 | Элитное снаряжение (После полевых испытаний),"Наклейка: Тер-тех, Тер-тех, Тер-тех, Высший разум",1.65
AK-47 | Элитное снаряжение (После полевых испытаний),"Наклейка: Boom | РМР 2020, Boom | РМР 2020, Boom | РМР 2020, Boom | РМР 2020",1.70
AK-47 | Элитное снаряжение (После полевых испытаний),"Наклейка: Глаз долой, Глаз долой, Глаз долой, Глаз долой",1.70
AK-47 | Элитное снаряжение (После полевых испытаний),"Наклейка: apEX | Атланта 2017, flusha | Клуж-Напока 2015, Edward | Атланта 2017, Happy | Клуж-Напока 2015",1.70
AK-47 | Элитное снаряжение (После полевых испытаний),"Наклейка: Copenhagen Flames | Антверпен 2022, Heroic | Антверпен 2022",1.70
AK-47 | Элитное снаряжение (После полевых испытаний),"Наклейка: Natus Vincere | РМР 2020, Natus Vincere | РМР 2020, Natus Vincere | РМР 2020, Natus Vincere | РМР 2020",1.70
AK-47 | Элитное снаряжение (После полевых испытаний),"Наклейка: REZ (голографическая) | Стокгольм 2021, FaZe Clan | Бостон 2018, rain (металлическая) | Лондон 2018, Astralis | Лондон 2018",1.73
AK-47 | Элитное снаряжение (После полевых испытаний),"Наклейка: REZ (голографическая) | Стокгольм 2021, FaZe Clan | Бостон 2018, rain (металлическая) | Лондон 2018, Astralis | Лондон 2018",1.70
AK-47 | Элитное снаряжение (После полевых испытаний),Наклейка: PGL | Антверпен 2022,1.70
AK-47 | Элитное снаряжение (После полевых испытаний),"Наклейка: HellRaisers | Берлин 2019, HellRaisers | Берлин 2019, HellRaisers | Берлин 2019, HellRaisers | Берлин 2019",1.70
AK-47 | Элитное снаряжение (После полевых испытаний),"Наклейка: FaZe Clan | MLG Columbus 2016, TACO | Краков 2017, FURIA | Антверпен 2022, FaZe Clan | MLG Columbus 2016",1.70
AK-47 | Элитное снаряжение (После полевых испытаний),"Наклейка: apEX | Берлин 2019, Шерри (голографическая), Мариетта (голографическая)",1.65
AK-47 | Элитное снаряжение (После полевых испытаний),"Наклейка: FaZe Clan | Лондон 2018, FaZe | РМР 2020, HellRaisers | Лондон 2018, FaZe Clan | Лондон 2018",1.72
AK-47 | Элитное снаряжение (После полевых испытаний),"Наклейка: Astralis | Краков 2017, PGL | Антверпен 2022, Virtus.Pro | Краков 2017, PGL | Антверпен 2022",1.65
AK-47 | Элитное снаряжение (После полевых испытаний),Наклейка: Небесная курица,1.84
AK-47 | Элитное снаряжение (После полевых испытаний),"Наклейка: broky (голографическая, чемпион) | Антверпен 2022",1.77
AK-47 | Элитное снаряжение (После полевых испытаний),"Наклейка: Natus Vincere | РМР 2020, Natus Vincere | РМР 2020, Natus Vincere | РМР 2020, Natus Vincere | РМР 2020",1.70
AK-47 | Элитное снаряжение (После полевых испытаний),"Наклейка: Natus Vincere | РМР 2020, Natus Vincere | РМР 2020, Natus Vincere | РМР 2020, Natus Vincere | РМР 2020",1.70
AK-47 | Элитное снаряжение (После полевых испытаний),"Наклейка: yuurih | Стокгольм 2021, Natus Vincere | Краков 2017",1.74
AK-47 | Элитное снаряжение (После полевых испытаний),"Наклейка: Шлем солдата Альянса, Шлем солдата Альянса, На своём горбу, Красная ярость",1.56
AK-47 | Элитное снаряжение (После полевых испытаний),"Наклейка: Cloud9 | Антверпен 2022, Cloud9 | Антверпен 2022, Cloud9 | Антверпен 2022, Heroic (блёстки) | Антверпен 2022",1.56
AK-47 | Элитное снаряжение (После полевых испытаний),"Наклейка: Twistzz | Антверпен 2022, broky (блёстки) | Антверпен 2022, ropz (блёстки) | Антверпен 2022, broky (блёстки) | Антверпен 2022",1.56
AK-47 | Элитное снаряжение (После полевых испытаний),"Наклейка: electroNic (голографическая) | Стокгольм 2021, electroNic (голографическая) | Стокгольм 2021, Кровавый черепощуп, Кровавый черепощуп",1.56
AK-47 | Элитное снаряжение (После полевых испытаний),"Наклейка: Крысиная стая, Крысиная стая, Крысиная стая, Крысиная стая",1.56
AK-47 | Элитное снаряжение (После полевых испытаний),"Наклейка: Vitality | РМР 2020, Virtus.pro | РМР 2020, Vitality | РМР 2020, Natus Vincere | РМР 2020",1.56
AK-47 | Элитное снаряжение (После полевых испытаний),"Наклейка: Золотая сеть, Золотая сеть, Золотая сеть, Золотая сеть",1.56
AK-47 | Элитное снаряжение (После полевых испытаний),"Наклейка: FURIA | Антверпен 2022, Team Liquid | Антверпен 2022, GO, Tuurtle | Антверпен 2022",1.56
AK-47 | Элитное снаряжение (После полевых испытаний),"Наклейка: FURIA | Антверпен 2022, Team Liquid | Антверпен 2022, GO, Tuurtle | Антверпен 2022",1.56
AK-47 | Элитное снаряжение (После полевых испытаний),"Наклейка: forZe eSports | Берлин 2019, Syman Gaming | Берлин 2019, DreamEaters | Берлин 2019, Высший разум",1.56
AK-47 | Элитное снаряжение (После полевых испытаний),"Наклейка: Natus Vincere | РМР 2020, rain (чемпион) | Антверпен 2022, Natus Vincere | РМР 2020, rain (чемпион) | Антверпен 2022",1.56
AK-47 | Элитное снаряжение (После полевых испытаний),"Наклейка: YEKINDAR | Стокгольм 2021, Virtus.Pro | Стокгольм 2021, YEKINDAR | Стокгольм 2021, Virtus.pro | РМР 2020",1.56
AK-47 | Элитное снаряжение (После полевых испытаний),"Наклейка: YEKINDAR | Стокгольм 2021, Virtus.Pro | Стокгольм 2021, YEKINDAR | Стокгольм 2021, Virtus.pro | РМР 2020",1.56
AK-47 | Элитное снаряжение (После полевых испытаний),"Наклейка: G2 Esports | Стокгольм 2021, G2 Esports | Стокгольм 2021, Perfecto (голографическая) | Стокгольм 2021, Boombl4 (голографическая) | Стокгольм 2021",1.56
AK-47 | Элитное снаряжение (После полевых испытаний),"Наклейка: Natus Vincere | РМР 2020, Grim | Антверпен 2022, FaNg | Антверпен 2022, Natus Vincere | РМР 2020",1.56
AK-47 | Элитное снаряжение (После полевых испытаний),"Наклейка: ENCE | Антверпен 2022, ENCE | Антверпен 2022, ENCE | Антверпен 2022, ENCE | Антверпен 2022",1.74
AK-47 | Элитное снаряжение (После полевых испытаний),"Наклейка: Heroic | Антверпен 2022, shalfey | Антверпен 2022, FaZe Clan | Антверпен 2022",1.84
AK-47 | Элитное снаряжение (После полевых испытаний),"Наклейка: broky (чемпион) | Антверпен 2022, rain (чемпион) | Антверпен 2022, Twistzz (блёстки, чемпион) | Антверпен 2022, ropz (блёстки, чемпион) | Антверпен 2022",1.66
AK-47 | Элитное снаряжение (После полевых испытаний),"Наклейка: broky (чемпион) | Антверпен 2022, rain (чемпион) | Антверпен 2022, Twistzz (блёстки, чемпион) | Антверпен 2022, ropz (блёстки, чемпион) | Антверпен 2022",1.66
AK-47 | Элитное снаряжение (После полевых испытаний),"Наклейка: Renegades | РМР 2020, Fnatic | РМР 2020, Самурай, OG | РМР 2020",1.66
AK-47 | Элитное снаряжение (После полевых испытаний),"Наклейка: Ninjas in Pyjamas | РМР 2020, Evil Geniuses | РМР 2020, Spirit | РМР 2020, Spirit (голографическая) | РМР 2020",1.66
AK-47 | Элитное снаряжение (После полевых испытаний),"Наклейка: FURIA | РМР 2020, FURIA | РМР 2020, FURIA | РМР 2020, FURIA | РМР 2020",1.66
AK-47 | Элитное снаряжение (После полевых испытаний),Наклейка: Qikert | Стокгольм 2021,1.81
AK-47 | Элитное снаряжение (После полевых испытаний),"Наклейка: Иветта (голографическая), Ветеран нарковойн, Отличный выстрел, Повелитель лезвия",1.72
AK-47 | Элитное снаряжение (После полевых испытаний),"Наклейка: Токсичность, Ветеран нарковойн",1.72
AK-47 | Элитное снаряжение (После полевых испытаний),Наклейка: mousesports | Атланта 2017,1.72
AK-47 | Элитное снаряжение (После полевых испытаний),"Наклейка: PGL (блёстки) | Антверпен 2022, PGL (блёстки) | Антверпен 2022, Боевые шрамы, Боевые шрамы",1.72
AK-47 | Элитное снаряжение (После полевых испытаний),"Наклейка: Copenhagen Flames | Антверпен 2022, PGL | Антверпен 2022, FaZe Clan | Антверпен 2022, BIG | Антверпен 2022",1.72
AK-47 | Элитное снаряжение (После полевых испытаний),"Наклейка: Copenhagen Flames | Антверпен 2022, PGL | Антверпен 2022, FaZe Clan | Антверпен 2022, BIG | Антверпен 2022",1.72
AK-47 | Элитное снаряжение (После полевых испытаний),Наклейка: TaZ | Кёльн 2015,1.72
AK-47 | Элитное снаряжение (После полевых испытаний),Наклейка: kennyS | Бостон 2018,1.72
AK-47 | Элитное снаряжение (После полевых испытаний),"Наклейка: Zeus (металлическая) | Лондон 2018, s1mple | Лондон 2018, electronic (металлическая) | Лондон 2018, Natus Vincere | РМР 2020",1.70
AK-47 | Элитное снаряжение (После полевых испытаний),Наклейка: Virtus.Pro | Бостон 2018,1.66
AK-47 | Элитное снаряжение (После полевых испытаний),Наклейка: Counter Logic Gaming | Колумбус 2016,1.68
AK-47 | Элитное снаряжение (После полевых испытаний),"Наклейка: Natus Vincere | Катовице 2019, Natus Vincere | Катовице 2019, Natus Vincere | Катовице 2019, NEO | Берлин 2019",1.68
AK-47 | Элитное снаряжение (После полевых испытаний),"Наклейка: KSCERATO | Стокгольм 2021, Virtus.Pro | Стокгольм 2021",1.70
AK-47 | Элитное снаряжение (После полевых испытаний),"Наклейка: Большая волна, Большая волна, Большая волна, Большая волна",1.73
AK-47 | Элитное снаряжение (После полевых испытаний),"Наклейка: Evil Geniuses | РМР 2020, Evil Geniuses | РМР 2020, Evil Geniuses | Стокгольм 2021, Evil Geniuses | Стокгольм 2021",1.84
AK-47 | Элитное снаряжение (После полевых испытаний),"Наклейка: Evil Geniuses | РМР 2020, Evil Geniuses | РМР 2020, Evil Geniuses | Стокгольм 2021, Evil Geniuses | Стокгольм 2021",1.69
AK-47 | Элитное снаряжение (После полевых испытаний),"Наклейка: Evil Geniuses (голографическая) | РМР 2020, Heroic (голографическая) | РМР 2020, FURIA (голографическая) | РМР 2020, Astralis (голографическая) | Катовице 2019",1.69
AK-47 | Элитное снаряжение (После полевых испытаний),"Наклейка: Чёрный акулострел, Чёрный акулострел, Чёрный акулострел",1.53
AK-47 | Элитное снаряжение (После полевых испытаний),"Наклейка: Astralis | РМР 2020, Astralis | РМР 2020, Astralis | РМР 2020, Astralis | РМР 2020",1.74
AK-47 | Элитное снаряжение (После полевых испытаний),Наклейка: Bad News Eagles | Антверпен 2022,1.81
AK-47 | Элитное снаряжение (После полевых испытаний),Наклейка: Обратный отсчет (металлическая),1.73
AK-47 | Элитное снаряжение (После полевых испытаний),"Наклейка: apEX | Краков 2017, allu | Краков 2017, Xyp9x | Краков 2017, Fnatic | Атланта 2017",1.73
AK-47 | Элитное снаряжение (После полевых испытаний),"Наклейка: FURIA | РМР 2020, fer | Колумбус 2016, Happy | Клуж-Напока 2015, NEO | Атланта 2017",1.74
AK-47 | Элитное снаряжение (После полевых испытаний),"Наклейка: Flash Gaming | Бостон 2018, SK Gaming | Бостон 2018, Fnatic | Кёльн 2015, XANTARES | Катовице 2019",1.74
AK-47 | Элитное снаряжение (После полевых испытаний),"Наклейка: Team SoloMid | Кёльн 2015, Team SoloMid | Кёльн 2015",1.89
AK-47 | Элитное снаряжение (После полевых испытаний),"Наклейка: Team SoloMid | Кёльн 2015, Team SoloMid | Кёльн 2015",1.72
AK-47 | Элитное снаряжение (После полевых испытаний),"Наклейка: Шалость, s1mple | Стокгольм 2021, 100 Thieves (голографическая) | РМР 2020, Perfecto | Стокгольм 2021",1.78
AK-47 | Элитное снаряжение (После полевых испытаний),"Наклейка: Natus Vincere | РМР 2020, Natus Vincere | РМР 2020, Natus Vincere | РМР 2020, Natus Vincere | РМР 2020",1.81
AK-47 | Элитное снаряжение (После полевых испытаний),"Наклейка: hutji | Лондон 2018, DavCost | Лондон 2018, gade | Лондон 2018, Quantum Bellator Fire | Бостон 2018",1.70
AK-47 | Элитное снаряжение (После полевых испытаний),"Наклейка: rain | Кёльн 2015, dennis | Кёльн 2015",1.74
AK-47 | Элитное снаряжение (После полевых испытаний),"Наклейка: Team EnVyUs | Кёльн 2015, Древний защитник",1.92
AK-47 | Элитное снаряжение (После полевых испытаний),"Наклейка: Ninjas in Pyjamas | РМР 2020, rain (блёстки, чемпион) | Антверпен 2022, Ninjas in Pyjamas | РМР 2020",1.81
AK-47 | Элитное снаряжение (После полевых испытаний),"Наклейка: ENCE (голографическая) | Антверпен 2022, ENCE (голографическая) | Антверпен 2022, ENCE (голографическая) | Антверпен 2022, ENCE (голографическая) | Антверпен 2022",1.68
AK-47 | Элитное снаряжение (После полевых испытаний),"Наклейка: PGL (блёстки) | Антверпен 2022, PGL (блёстки) | Антверпен 2022, PGL (блёстки) | Антверпен 2022, PGL (блёстки) | Антверпен 2022",1.73
AK-47 | Элитное снаряжение (После полевых испытаний),"Наклейка: NiKo | Антверпен 2022, huNter | Антверпен 2022, JaCkz | Антверпен 2022, G2 Esports | Атланта 2017",1.69
AK-47 | Элитное снаряжение (После полевых испытаний),"Наклейка: NiKo | Антверпен 2022, huNter | Антверпен 2022, JaCkz | Антверпен 2022, G2 Esports | Атланта 2017",1.64
AK-47 | Элитное снаряжение (После полевых испытаний),"Наклейка: electronic | Бостон 2018, flamie | Бостон 2018, electronic | Бостон 2018, Natus Vincere | Бостон 2018",1.74
AK-47 | Элитное снаряжение (После полевых испытаний),"Наклейка: Сломанный клык, Пятнистый враг (голографическая), Змеиная атака (голографическая), Высший разум (голографическая)",1.74
AK-47 | Элитное снаряжение (После полевых испытаний),Наклейка: Renegades | Бостон 2018,1.73
AK-47 | Элитное снаряжение (После полевых испытаний),"Наклейка: Virtus.Pro | Клуж-Напока 2015, Fnatic | Клуж-Напока 2015, Ninjas in Pyjamas | Клуж-Напока 2015, Team SoloMid | Клуж-Напока 2015",1.73
AK-47 | Элитное снаряжение (После полевых испытаний),"Наклейка: Борис, Дракон (металлическая)",1.81
AK-47 | Элитное снаряжение (После полевых испытаний),"Наклейка: Natus Vincere | Берлин 2019, Rickeh | Лондон 2018, qikert | Берлин 2019, Ethan | Катовице 2019",1.81
AK-47 | Элитное снаряжение (После полевых испытаний),"Наклейка: electroNic | Стокгольм 2021, electroNic | Стокгольм 2021, b1t | Стокгольм 2021, Сломанный клык (голографическая)",1.75
AK-47 | Элитное снаряжение (После полевых испытаний),"Наклейка: Heroic | РМР 2020, Fnatic | РМР 2020, 100 Thieves (голографическая) | РМР 2020, Fnatic | РМР 2020",1.74
AK-47 | Элитное снаряжение (После полевых испытаний),"Наклейка: Team Liquid | Стокгольм 2021, Sharks Esports | Стокгольм 2021, GODSENT | Стокгольм 2021, FURIA | Стокгольм 2021",1.74
AK-47 | Элитное снаряжение (После полевых испытаний),"Наклейка: Team Liquid | Стокгольм 2021, Sharks Esports | Стокгольм 2021, GODSENT | Стокгольм 2021, FURIA | Стокгольм 2021",1.73
AK-47 | Элитное снаряжение (После полевых испытаний),"Наклейка: G2 Esports | Колумбус 2016, twist | Атланта 2017, NiKo | Краков 2017, TACO | Краков 2017",1.74
AK-47 | Элитное снаряжение (После полевых испытаний),"Наклейка: North | РМР 2020, North | РМР 2020, Пятнистый враг, Vitality | Стокгольм 2021",1.74
AK-47 | Элитное снаряжение (После полевых испытаний),"Наклейка: Чёрный акулострел, 100 Thieves (голографическая) | РМР 2020, Vitality | Стокгольм 2021, Vitality | Стокгольм 2021",1.74
AK-47 | Элитное снаряжение (После полевых испытаний),"Наклейка: Natus Vincere | Стокгольм 2021, TYLOO | РМР 2020, TYLOO | РМР 2020, TYLOO | РМР 2020",1.74
AK-47 | Элитное снаряжение (После полевых испытаний),"Наклейка: FURIA | Антверпен 2022, FURIA | Антверпен 2022, FURIA | Антверпен 2022, FURIA | Антверпен 2022",1.74
AK-47 | Элитное снаряжение (После полевых испытаний),"Наклейка: Банан, Банан, Банан, Банан",1.74
AK-47 | Элитное снаряжение (После полевых испытаний),Наклейка: gla1ve | Краков 2017,1.84
AK-47 | Элитное снаряжение (После полевых испытаний),"Наклейка: В паутине (голографическая), Высший разум (голографическая), xseveN | Берлин 2019, Пиксельный мститель",1.66
AK-47 | Элитное снаряжение (После полевых испытаний),"Наклейка: PGL | Стокгольм 2021, PGL | Стокгольм 2021, Team Liquid | Стокгольм 2021",1.89
AK-47 | Элитное снаряжение (После полевых испытаний),"Наклейка: PGL | Стокгольм 2021, PGL | Стокгольм 2021, Team Liquid | Стокгольм 2021",1.84
AK-47 | Элитное снаряжение (После полевых испытаний),Наклейка: Fnatic | Краков 2017,1.74
AK-47 | Элитное снаряжение (После полевых испытаний),"Наклейка: Natus Vincere | Стокгольм 2021, Natus Vincere | Стокгольм 2021, Natus Vincere | Стокгольм 2021",1.74
AK-47 | Элитное снаряжение (После полевых испытаний),"Наклейка: flusha | Краков 2017, Stewie2K | Краков 2017, Skadoodle | Бостон 2018, XANTARES | Бостон 2018",1.75
AK-47 | Элитное снаряжение (После полевых испытаний),"Наклейка: Natus Vincere | РМР 2020, Natus Vincere | РМР 2020, Natus Vincere | РМР 2020, Natus Vincere | РМР 2020",1.84
AK-47 | Элитное снаряжение (После полевых испытаний),"Наклейка: Сожжение, Спартанец, somebody | Берлин 2019, Magisk | Берлин 2019",1.77
AK-47 | Элитное снаряжение (После полевых испытаний),"Наклейка: Natus Vincere | Атланта 2017, Магистр-хранитель — Элита, dennis | Колумбус 2016, Постер SAS",1.78
AK-47 | Элитное снаряжение (После полевых испытаний),"Наклейка: TYLOO | РМР 2020, Astralis | РМР 2020, FaZe Clan | Атланта 2017, Heroic | РМР 2020",1.78
AK-47 | Элитное снаряжение (После полевых испытаний),"Наклейка: Renegades | Берлин 2019, Renegades | Берлин 2019",1.85
AK-47 | Элитное снаряжение (После полевых испытаний),"Наклейка: Evil Geniuses (голографическая) | РМР 2020, Первая кровь, Дракон (металлическая), Evil Geniuses (голографическая) | РМР 2020",1.75
AK-47 | Элитное снаряжение (После полевых испытаний),"Наклейка: Evil Geniuses (голографическая) | РМР 2020, Первая кровь, Дракон (металлическая), Evil Geniuses (голографическая) | РМР 2020",1.73
AK-47 | Элитное снаряжение (После полевых испытаний),"Наклейка: JW | Клуж-Напока 2015, Happy | Клуж-Напока 2015",1.75
AK-47 | Элитное снаряжение (После полевых испытаний),Наклейка: Snax | Кёльн 2015,1.75
AK-47 | Элитное снаряжение (После полевых испытаний),"Наклейка: Tyloo | Лондон 2018, Tyloo | Лондон 2018, Tyloo | Лондон 2018, Tyloo | Лондон 2018",1.75
AK-47 | Элитное снаряжение (После полевых испытаний),"Наклейка: Natus Vincere | РМР 2020, Natus Vincere | РМР 2020, Natus Vincere | РМР 2020, Natus Vincere | РМР 2020",1.84
AK-47 | Элитное снаряжение (После полевых испытаний),"Наклейка: Сожжение, Спартанец, somebody | Берлин 2019, Magisk | Берлин 2019",1.77
AK-47 | Элитное снаряжение (После полевых испытаний),"Наклейка: Natus Vincere | Атланта 2017, Магистр-хранитель — Элита, dennis | Колумбус 2016, Постер SAS",1.78
AK-47 | Элитное снаряжение (После полевых испытаний),"Наклейка: Team Spirit | Антверпен 2022, Team Spirit | Антверпен 2022",1.40
AK-47 | Элитное снаряжение (После полевых испытаний),"Наклейка: Summer | Берлин 2019, В паутине, Спец-тех, Summer | Берлин 2019",1.40
